id,kode_provinsi,nama_provinsi,kode_hs,jenis_barang,nilai_ekspor,satuan,tahun
1,32,JAWA BARAT,1,LIVE ANIMALS,404735,US DOLLAR,2016
2,32,JAWA BARAT,2,MEAT,668872,US DOLLAR,2016
3,32,JAWA BARAT,3,FISH,58383487,US DOLLAR,2016
4,32,JAWA BARAT,4,DAIRY PRODUCTS,12252367,US DOLLAR,2016
5,32,JAWA BARAT,5,NON-EDIBLE ANIMAL PARTS,864886,US DOLLAR,2016
6,32,JAWA BARAT,6,VEGETABLE PRODUCTS,7605152,US DOLLAR,2016
7,32,JAWA BARAT,7,EDIBLE VEGETABLES,7445514,US DOLLAR,2016
8,32,JAWA BARAT,8,FRUIT AND NUTS,16737660,US DOLLAR,2016
9,32,JAWA BARAT,9,"COFFEE, TEA AND SPICES",103925801,US DOLLAR,2016
10,32,JAWA BARAT,10,CEREALS,261902,US DOLLAR,2016
11,32,JAWA BARAT,11,FLOUR,1828232,US DOLLAR,2016
12,32,JAWA BARAT,12,SEEDS AND GRAINS,3779936,US DOLLAR,2016
13,32,JAWA BARAT,13,VEGETABLE SAPS AND EXTRACTS,7963909,US DOLLAR,2016
14,32,JAWA BARAT,14,"VEGETABLE PLAITING MATERIAL (bamboo, rattan etc)",3423541,US DOLLAR,2016
15,32,JAWA BARAT,15,"FATS, OILS AND WAXES",221437302,US DOLLAR,2016
16,32,JAWA BARAT,16,PREPARED MEAT OR FISH,42812649,US DOLLAR,2016
17,32,JAWA BARAT,17,SUGARS AND SUGAR CONFECTIONERY,79046354,US DOLLAR,2016
18,32,JAWA BARAT,18,COCOA AND COCOA PREPARATIONS,258046514,US DOLLAR,2016
19,32,JAWA BARAT,19,"FOOD PREPARED FROM CEREALS, STARCH OR MILK",453569981,US DOLLAR,2016
20,32,JAWA BARAT,20,"PRESERVED VEGETABLES, FRUITS AND NUTS",9993900,US DOLLAR,2016
21,32,JAWA BARAT,21,MISCELLANEOUS FOODS,493627180,US DOLLAR,2016
22,32,JAWA BARAT,22,"BEVERAGES, SPIRITS AND VINEGAR",39936892,US DOLLAR,2016
23,32,JAWA BARAT,23,FOOD WASTE AND ANIMAL FODDER,15013817,US DOLLAR,2016
24,32,JAWA BARAT,24,TOBACCO AND SUBSTITUTES,87163314,US DOLLAR,2016
25,32,JAWA BARAT,25,"SALT, SULPHUR, EARTHS AND STONE, PLASTER, LIME   AND CEMENT",10088997,US DOLLAR,2016
26,32,JAWA BARAT,26,"ORES, SLAG AND ASH",1442661,US DOLLAR,2016
27,32,JAWA BARAT,27,MINERAL FUELS AND OILS,446679970,US DOLLAR,2016
28,32,JAWA BARAT,28,CHEMICALS AND ALLIED PRODUCTS,37452959,US DOLLAR,2016
29,32,JAWA BARAT,29,ORGANIC CHEMICAL,92322925,US DOLLAR,2016
30,32,JAWA BARAT,30,PHARMACEUTICAL PRODUCTS,184497262,US DOLLAR,2016
31,32,JAWA BARAT,31,FERTILIZERS,13336982,US DOLLAR,2016
32,32,JAWA BARAT,32,"TANS, DYES, PIGMENTS, PAINTS, VARNISHES, INKS",70568046,US DOLLAR,2016
33,32,JAWA BARAT,33,"ESSENTIAL OILS AND RESINOIDS, PERFUMERY, COSMETICS OR TOILET",305043487,US DOLLAR,2016
34,32,JAWA BARAT,34,"SOAP, WASHING PREPARATIONS, LUBRICATING PREPARATIONS, WAXES",154173029,US DOLLAR,2016
35,32,JAWA BARAT,35,"ALBUMINOIDAL SUBSTANCES, MODIFIED STARCHES, GLUES, ENZYMES",9182025,US DOLLAR,2016
36,32,JAWA BARAT,36,EXPLOSIVES,0,US DOLLAR,2016
37,32,JAWA BARAT,37,PHOTOGRAPHIC OR CINEMATOGRAPHIC GOODS,235900,US DOLLAR,2016
38,32,JAWA BARAT,38,MISCELLANEOUS CHEMICAL PRODUCTS,181512989,US DOLLAR,2016
39,32,JAWA BARAT,39,PLASTIC & PLASTIC ARTICLES,800009362,US DOLLAR,2016
40,32,JAWA BARAT,40,RUBBER AND RUBBER ARTICLES,1378899943,US DOLLAR,2016
41,32,JAWA BARAT,41,"RAW HIDES, SKINS AND LEATHERS",52360682,US DOLLAR,2016
42,32,JAWA BARAT,42,LEATHER ARTICLES AND TRAVEL GOODS,197659805,US DOLLAR,2016
43,32,JAWA BARAT,43,FURSKINS AND ARTIFICIAL FUR,1354966,US DOLLAR,2016
44,32,JAWA BARAT,44,WOOD,226157309,US DOLLAR,2016
45,32,JAWA BARAT,45,CORK,0,US DOLLAR,2016
46,32,JAWA BARAT,46,PLAITING MATERIALS AND ARTICLES,34929653,US DOLLAR,2016
47,32,JAWA BARAT,47,WOOD PULP AND WASTE,362475,US DOLLAR,2016
48,32,JAWA BARAT,48,PAPER,844991133,US DOLLAR,2016
49,32,JAWA BARAT,49,PRINTED MATERIALS,6307878,US DOLLAR,2016
50,32,JAWA BARAT,50,SILK,2451,US DOLLAR,2016
51,32,JAWA BARAT,51,"WOOL, ANIMAL HAIR AND WOVEN FABRIC",1405114,US DOLLAR,2016
52,32,JAWA BARAT,52,COTTON,324948176,US DOLLAR,2016
53,32,JAWA BARAT,53,OTHER VEGETABLE TEXTILE FIBRES  AND PAPER YARN,205616,US DOLLAR,2016
54,32,JAWA BARAT,54,MAN-MADE FILAMENTS,798482054,US DOLLAR,2016
55,32,JAWA BARAT,55,MAN-MADE STAPLE FIBRES,1111827287,US DOLLAR,2016
56,32,JAWA BARAT,56,"WADDING, FELT AND NON-WOVENS, SPECIAL YARNS AND ROPES",40878978,US DOLLAR,2016
57,32,JAWA BARAT,57,CARPETS,43622020,US DOLLAR,2016
58,32,JAWA BARAT,58,SPECIAL WOVEN FABRICS AND TRIMMINGS,52694233,US DOLLAR,2016
59,32,JAWA BARAT,59,INDUSTRIAL TEXTILE FIBRES,98558298,US DOLLAR,2016
60,32,JAWA BARAT,60,KNITTED OR CROCHETED FABRICS,64378141,US DOLLAR,2016
61,32,JAWA BARAT,61,KNITTED OR CROCHETED CLOTHES,1891936576,US DOLLAR,2016
62,32,JAWA BARAT,62,CLOTHES (NOT KNITTED OR CROCHETED),1507797066,US DOLLAR,2016
63,32,JAWA BARAT,63,OTHER TEXTILE ARTICLES AND USED CLOTHING,84641128,US DOLLAR,2016
64,32,JAWA BARAT,64,FOOTWEAR,1447289695,US DOLLAR,2016
65,32,JAWA BARAT,65,HEADGEAR,19385190,US DOLLAR,2016
66,32,JAWA BARAT,66,UMBRELLAS AND WALKING-STICKS,546049,US DOLLAR,2016
67,32,JAWA BARAT,67,"FEATHERS, ARTIFICIAL FLOWERS, WIGS",57241326,US DOLLAR,2016
68,32,JAWA BARAT,68,"ARTICLES OF STONE, PLASTER, CEMENT, ASBESTOS AND MICA",53250431,US DOLLAR,2016
69,32,JAWA BARAT,69,CERAMIC PRODUCTS,148533212,US DOLLAR,2016
70,32,JAWA BARAT,70,GLASS AND GLASSWARE,129956608,US DOLLAR,2016
71,32,JAWA BARAT,71,"PEARLS, PRECIOUS STONES AND METALS, AND IMITATION JEWELLERY",43542289,US DOLLAR,2016
72,32,JAWA BARAT,72,IRON AND STEEL,89926857,US DOLLAR,2016
73,32,JAWA BARAT,73,ARTICLES OF IRON OR STEEL,223145958,US DOLLAR,2016
74,32,JAWA BARAT,74,COPPER,53037456,US DOLLAR,2016
75,32,JAWA BARAT,75,NICKEL,3692493,US DOLLAR,2016
76,32,JAWA BARAT,76,ALUMINIUM,56182961,US DOLLAR,2016
77,32,JAWA BARAT,78,LEAD,9507167,US DOLLAR,2016
78,32,JAWA BARAT,79,ZINC,5935510,US DOLLAR,2016
79,32,JAWA BARAT,80,TIN,3618988,US DOLLAR,2016
80,32,JAWA BARAT,81,OTHER BASE METALS AND CERMETS,7583755,US DOLLAR,2016
81,32,JAWA BARAT,82,TOOLS AND CUTLERY,48517749,US DOLLAR,2016
82,32,JAWA BARAT,83,MISCELLANEOUS ARTICLES OF BASE METALS,72494639,US DOLLAR,2016
83,32,JAWA BARAT,84,MACHINERY,2545147789,US DOLLAR,2016
84,32,JAWA BARAT,85,ELECTRICAL EQUIPMENTS,4024471113,US DOLLAR,2016
85,32,JAWA BARAT,86,"TRAINS, PARTS AND SIGNALLING EQUIPMENT",1066907,US DOLLAR,2016
86,32,JAWA BARAT,87,VEHICLES OTHER THAN TRAINS,2258478787,US DOLLAR,2016
87,32,JAWA BARAT,88,AIRCRAFT AND SPACECRAFT,102204636,US DOLLAR,2016
88,32,JAWA BARAT,89,SHIPS AND BOATS,1073224,US DOLLAR,2016
89,32,JAWA BARAT,90,"OPTICALS, PHOTOGRAPHIC AND MEASURING EQUIPMENT, MEDICAL INS-",241439888,US DOLLAR,2016
90,32,JAWA BARAT,91,CLOCKS AND WATCHES,10131398,US DOLLAR,2016
91,32,JAWA BARAT,92,MUSICAL INSTRUMENTS,288841988,US DOLLAR,2016
92,32,JAWA BARAT,93,ARMS AND AMMUNITION,19185,US DOLLAR,2016
93,32,JAWA BARAT,94,"FURNITURE, BEDDING, LAMPS, ILLUM. SIGNS",305907735,US DOLLAR,2016
94,32,JAWA BARAT,95,"TOYS, GAMES AND SPORTS EQUIPMENT",252192162,US DOLLAR,2016
95,32,JAWA BARAT,96,MISCELLANEOUS MANUFACTURED ARTICLES,214481359,US DOLLAR,2016
96,32,JAWA BARAT,97,WORKS OF ART AND ANTIQUES,386129,US DOLLAR,2016
97,32,JAWA BARAT,98,PEBT,48437,US DOLLAR,2016
98,32,JAWA BARAT,99,PARCEL AND RETURN GOODS N.C.A.K.,10239202,US DOLLAR,2016
99,32,JAWA BARAT,1,LIVE ANIMALS,1235232,US DOLLAR,2017
100,32,JAWA BARAT,2,MEAT,3015197,US DOLLAR,2017
101,32,JAWA BARAT,3,FISH,123240562,US DOLLAR,2017
102,32,JAWA BARAT,4,DAIRY PRODUCTS,13351994,US DOLLAR,2017
103,32,JAWA BARAT,5,NON-EDIBLE ANIMAL PARTS,8751195,US DOLLAR,2017
104,32,JAWA BARAT,6,VEGETABLE PRODUCTS,7192764,US DOLLAR,2017
105,32,JAWA BARAT,7,EDIBLE VEGETABLES,9729045,US DOLLAR,2017
106,32,JAWA BARAT,8,FRUIT AND NUTS,12297950,US DOLLAR,2017
107,32,JAWA BARAT,9,"COFFEE, TEA AND SPICES",106296412,US DOLLAR,2017
108,32,JAWA BARAT,10,CEREALS,89621,US DOLLAR,2017
109,32,JAWA BARAT,11,FLOUR,2713655,US DOLLAR,2017
110,32,JAWA BARAT,12,SEEDS AND GRAINS,3380245,US DOLLAR,2017
111,32,JAWA BARAT,13,VEGETABLE SAPS AND EXTRACTS,9124123,US DOLLAR,2017
112,32,JAWA BARAT,14,"VEGETABLE PLAITING MATERIAL (bamboo, rattan etc)",1331383,US DOLLAR,2017
113,32,JAWA BARAT,15,"FATS, OILS AND WAXES",281096212,US DOLLAR,2017
114,32,JAWA BARAT,16,PREPARED MEAT OR FISH,108738069,US DOLLAR,2017
115,32,JAWA BARAT,17,SUGARS AND SUGAR CONFECTIONERY,62506548,US DOLLAR,2017
116,32,JAWA BARAT,18,COCOA AND COCOA PREPARATIONS,229703215,US DOLLAR,2017
117,32,JAWA BARAT,19,"FOOD PREPARED FROM CEREALS, STARCH OR MILK",437261226,US DOLLAR,2017
118,32,JAWA BARAT,20,"PRESERVED VEGETABLES, FRUITS AND NUTS",11312955,US DOLLAR,2017
119,32,JAWA BARAT,21,MISCELLANEOUS FOODS,181723710,US DOLLAR,2017
120,32,JAWA BARAT,22,"BEVERAGES, SPIRITS AND VINEGAR",46924678,US DOLLAR,2017
121,32,JAWA BARAT,23,FOOD WASTE AND ANIMAL FODDER,8046962,US DOLLAR,2017
122,32,JAWA BARAT,24,TOBACCO AND SUBSTITUTES,121441026,US DOLLAR,2017
123,32,JAWA BARAT,25,"SALT, SULPHUR, EARTHS AND STONE, PLASTER, LIME   AND CEMENT",13071356,US DOLLAR,2017
124,32,JAWA BARAT,26,"ORES, SLAG AND ASH",1985481,US DOLLAR,2017
125,32,JAWA BARAT,27,MINERAL FUELS AND OILS,236042775,US DOLLAR,2017
126,32,JAWA BARAT,28,CHEMICALS AND ALLIED PRODUCTS,39662128,US DOLLAR,2017
127,32,JAWA BARAT,29,ORGANIC CHEMICAL,87454498,US DOLLAR,2017
128,32,JAWA BARAT,30,PHARMACEUTICAL PRODUCTS,195909175,US DOLLAR,2017
129,32,JAWA BARAT,31,FERTILIZERS,8921387,US DOLLAR,2017
130,32,JAWA BARAT,32,"TANS, DYES, PIGMENTS, PAINTS, VARNISHES, INKS",73418180,US DOLLAR,2017
131,32,JAWA BARAT,33,"ESSENTIAL OILS AND RESINOIDS, PERFUMERY, COSMETICS OR TOILET",328247776,US DOLLAR,2017
132,32,JAWA BARAT,34,"SOAP, WASHING PREPARATIONS, LUBRICATING PREPARATIONS, WAXES",180162620,US DOLLAR,2017
133,32,JAWA BARAT,35,"ALBUMINOIDAL SUBSTANCES, MODIFIED STARCHES, GLUES, ENZYMES",10522827,US DOLLAR,2017
134,32,JAWA BARAT,36,EXPLOSIVES,12197,US DOLLAR,2017
135,32,JAWA BARAT,37,PHOTOGRAPHIC OR CINEMATOGRAPHIC GOODS,110230,US DOLLAR,2017
136,32,JAWA BARAT,38,MISCELLANEOUS CHEMICAL PRODUCTS,210663796,US DOLLAR,2017
137,32,JAWA BARAT,39,PLASTIC & PLASTIC ARTICLES,826934021,US DOLLAR,2017
138,32,JAWA BARAT,40,RUBBER AND RUBBER ARTICLES,1343492450,US DOLLAR,2017
139,32,JAWA BARAT,41,"RAW HIDES, SKINS AND LEATHERS",47133029,US DOLLAR,2017
140,32,JAWA BARAT,42,LEATHER ARTICLES AND TRAVEL GOODS,230717319,US DOLLAR,2017
141,32,JAWA BARAT,43,FURSKINS AND ARTIFICIAL FUR,781188,US DOLLAR,2017
142,32,JAWA BARAT,44,WOOD,224409880,US DOLLAR,2017
143,32,JAWA BARAT,45,CORK,273,US DOLLAR,2017
144,32,JAWA BARAT,46,PLAITING MATERIALS AND ARTICLES,32251273,US DOLLAR,2017
145,32,JAWA BARAT,47,WOOD PULP AND WASTE,5115843,US DOLLAR,2017
146,32,JAWA BARAT,48,PAPER,959489502,US DOLLAR,2017
147,32,JAWA BARAT,49,PRINTED MATERIALS,8769417,US DOLLAR,2017
148,32,JAWA BARAT,50,SILK,63888,US DOLLAR,2017
149,32,JAWA BARAT,51,"WOOL, ANIMAL HAIR AND WOVEN FABRIC",1006877,US DOLLAR,2017
150,32,JAWA BARAT,52,COTTON,349295790,US DOLLAR,2017
151,32,JAWA BARAT,53,OTHER VEGETABLE TEXTILE FIBRES  AND PAPER YARN,543844,US DOLLAR,2017
152,32,JAWA BARAT,54,MAN-MADE FILAMENTS,716484735,US DOLLAR,2017
153,32,JAWA BARAT,55,MAN-MADE STAPLE FIBRES,1141534885,US DOLLAR,2017
154,32,JAWA BARAT,56,"WADDING, FELT AND NON-WOVENS, SPECIAL YARNS AND ROPES",41659814,US DOLLAR,2017
155,32,JAWA BARAT,57,CARPETS,48826564,US DOLLAR,2017
156,32,JAWA BARAT,58,SPECIAL WOVEN FABRICS AND TRIMMINGS,29823544,US DOLLAR,2017
157,32,JAWA BARAT,59,INDUSTRIAL TEXTILE FIBRES,112215017,US DOLLAR,2017
158,32,JAWA BARAT,60,KNITTED OR CROCHETED FABRICS,71041680,US DOLLAR,2017
159,32,JAWA BARAT,61,KNITTED OR CROCHETED CLOTHES,2182021949,US DOLLAR,2017
160,32,JAWA BARAT,62,CLOTHES (NOT KNITTED OR CROCHETED),1529892568,US DOLLAR,2017
161,32,JAWA BARAT,63,OTHER TEXTILE ARTICLES AND USED CLOTHING,71790325,US DOLLAR,2017
162,32,JAWA BARAT,64,FOOTWEAR,1453771434,US DOLLAR,2017
163,32,JAWA BARAT,65,HEADGEAR,25542131,US DOLLAR,2017
164,32,JAWA BARAT,66,UMBRELLAS AND WALKING-STICKS,250463,US DOLLAR,2017
165,32,JAWA BARAT,67,"FEATHERS, ARTIFICIAL FLOWERS, WIGS",56256590,US DOLLAR,2017
166,32,JAWA BARAT,68,"ARTICLES OF STONE, PLASTER, CEMENT, ASBESTOS AND MICA",50370778,US DOLLAR,2017
167,32,JAWA BARAT,69,CERAMIC PRODUCTS,163434320,US DOLLAR,2017
168,32,JAWA BARAT,70,GLASS AND GLASSWARE,141199155,US DOLLAR,2017
169,32,JAWA BARAT,71,"PEARLS, PRECIOUS STONES AND METALS, AND IMITATION JEWELLERY",284498620,US DOLLAR,2017
170,32,JAWA BARAT,72,IRON AND STEEL,91808712,US DOLLAR,2017
171,32,JAWA BARAT,73,ARTICLES OF IRON OR STEEL,270409788,US DOLLAR,2017
172,32,JAWA BARAT,74,COPPER,61657094,US DOLLAR,2017
173,32,JAWA BARAT,75,NICKEL,4046044,US DOLLAR,2017
174,32,JAWA BARAT,76,ALUMINIUM,75276259,US DOLLAR,2017
175,32,JAWA BARAT,78,LEAD,19473087,US DOLLAR,2017
176,32,JAWA BARAT,79,ZINC,9716014,US DOLLAR,2017
177,32,JAWA BARAT,80,TIN,248735,US DOLLAR,2017
178,32,JAWA BARAT,81,OTHER BASE METALS AND CERMETS,9244570,US DOLLAR,2017
179,32,JAWA BARAT,82,TOOLS AND CUTLERY,57188631,US DOLLAR,2017
180,32,JAWA BARAT,83,MISCELLANEOUS ARTICLES OF BASE METALS,67052963,US DOLLAR,2017
181,32,JAWA BARAT,84,MACHINERY,3124117494,US DOLLAR,2017
182,32,JAWA BARAT,85,ELECTRICAL EQUIPMENTS,4112883961,US DOLLAR,2017
183,32,JAWA BARAT,86,"TRAINS, PARTS AND SIGNALLING EQUIPMENT",80182,US DOLLAR,2017
184,32,JAWA BARAT,87,VEHICLES OTHER THAN TRAINS,4497692614,US DOLLAR,2017
185,32,JAWA BARAT,88,AIRCRAFT AND SPACECRAFT,52358732,US DOLLAR,2017
186,32,JAWA BARAT,89,SHIPS AND BOATS,2545149,US DOLLAR,2017
187,32,JAWA BARAT,90,"OPTICALS, PHOTOGRAPHIC AND MEASURING EQUIPMENT, MEDICAL INS-",269286021,US DOLLAR,2017
188,32,JAWA BARAT,91,CLOCKS AND WATCHES,14531873,US DOLLAR,2017
189,32,JAWA BARAT,92,MUSICAL INSTRUMENTS,290492130,US DOLLAR,2017
190,32,JAWA BARAT,93,ARMS AND AMMUNITION,17933,US DOLLAR,2017
191,32,JAWA BARAT,94,"FURNITURE, BEDDING, LAMPS, ILLUM. SIGNS",316098767,US DOLLAR,2017
192,32,JAWA BARAT,95,"TOYS, GAMES AND SPORTS EQUIPMENT",318265636,US DOLLAR,2017
193,32,JAWA BARAT,96,MISCELLANEOUS MANUFACTURED ARTICLES,203485818,US DOLLAR,2017
194,32,JAWA BARAT,97,WORKS OF ART AND ANTIQUES,184135,US DOLLAR,2017
195,32,JAWA BARAT,98,PEBT,0,US DOLLAR,2017
196,32,JAWA BARAT,99,PARCEL AND RETURN GOODS N.C.A.K.,9729541,US DOLLAR,2017
197,32,JAWA BARAT,1,LIVE ANIMALS,1753869,US DOLLAR,2018
198,32,JAWA BARAT,2,MEAT,1741540,US DOLLAR,2018
199,32,JAWA BARAT,3,FISH,101426657,US DOLLAR,2018
200,32,JAWA BARAT,4,DAIRY PRODUCTS,20427837,US DOLLAR,2018
201,32,JAWA BARAT,5,NON-EDIBLE ANIMAL PARTS,4575506,US DOLLAR,2018
202,32,JAWA BARAT,6,VEGETABLE PRODUCTS,8299638,US DOLLAR,2018
203,32,JAWA BARAT,7,EDIBLE VEGETABLES,9536780,US DOLLAR,2018
204,32,JAWA BARAT,8,FRUIT AND NUTS,18154064,US DOLLAR,2018
205,32,JAWA BARAT,9,"COFFEE, TEA AND SPICES",109106500,US DOLLAR,2018
206,32,JAWA BARAT,10,CEREALS,22290,US DOLLAR,2018
207,32,JAWA BARAT,11,FLOUR,4488484,US DOLLAR,2018
208,32,JAWA BARAT,12,SEEDS AND GRAINS,4898935,US DOLLAR,2018
209,32,JAWA BARAT,13,VEGETABLE SAPS AND EXTRACTS,10903027,US DOLLAR,2018
210,32,JAWA BARAT,14,"VEGETABLE PLAITING MATERIAL (bamboo, rattan etc)",875114,US DOLLAR,2018
211,32,JAWA BARAT,15,"FATS, OILS AND WAXES",231914524,US DOLLAR,2018
212,32,JAWA BARAT,16,PREPARED MEAT OR FISH,124034006,US DOLLAR,2018
213,32,JAWA BARAT,17,SUGARS AND SUGAR CONFECTIONERY,72403776,US DOLLAR,2018
214,32,JAWA BARAT,18,COCOA AND COCOA PREPARATIONS,202732556,US DOLLAR,2018
215,32,JAWA BARAT,19,"FOOD PREPARED FROM CEREALS, STARCH OR MILK",474659370,US DOLLAR,2018
216,32,JAWA BARAT,20,"PRESERVED VEGETABLES, FRUITS AND NUTS",11884021,US DOLLAR,2018
217,32,JAWA BARAT,21,MISCELLANEOUS FOODS,209030671,US DOLLAR,2018
218,32,JAWA BARAT,22,"BEVERAGES, SPIRITS AND VINEGAR",39452697,US DOLLAR,2018
219,32,JAWA BARAT,23,FOOD WASTE AND ANIMAL FODDER,8377062,US DOLLAR,2018
220,32,JAWA BARAT,24,TOBACCO AND SUBSTITUTES,168849073,US DOLLAR,2018
221,32,JAWA BARAT,25,"SALT, SULPHUR, EARTHS AND STONE, PLASTER, LIME   AND CEMENT",10790140,US DOLLAR,2018
222,32,JAWA BARAT,26,"ORES, SLAG AND ASH",2263365,US DOLLAR,2018
223,32,JAWA BARAT,27,MINERAL FUELS AND OILS,243986664,US DOLLAR,2018
224,32,JAWA BARAT,28,CHEMICALS AND ALLIED PRODUCTS,46803410,US DOLLAR,2018
225,32,JAWA BARAT,29,ORGANIC CHEMICAL,104849109,US DOLLAR,2018
226,32,JAWA BARAT,30,PHARMACEUTICAL PRODUCTS,195863544,US DOLLAR,2018
227,32,JAWA BARAT,31,FERTILIZERS,9845640,US DOLLAR,2018
228,32,JAWA BARAT,32,"TANS, DYES, PIGMENTS, PAINTS, VARNISHES, INKS",87560435,US DOLLAR,2018
229,32,JAWA BARAT,33,"ESSENTIAL OILS AND RESINOIDS, PERFUMERY, COSMETICS OR TOILET",354450414,US DOLLAR,2018
230,32,JAWA BARAT,34,"SOAP, WASHING PREPARATIONS, LUBRICATING PREPARATIONS, WAXES",178264011,US DOLLAR,2018
231,32,JAWA BARAT,35,"ALBUMINOIDAL SUBSTANCES, MODIFIED STARCHES, GLUES, ENZYMES",10045284,US DOLLAR,2018
232,32,JAWA BARAT,36,EXPLOSIVES,330278,US DOLLAR,2018
233,32,JAWA BARAT,37,PHOTOGRAPHIC OR CINEMATOGRAPHIC GOODS,97662,US DOLLAR,2018
234,32,JAWA BARAT,38,MISCELLANEOUS CHEMICAL PRODUCTS,250284339,US DOLLAR,2018
235,32,JAWA BARAT,39,PLASTIC & PLASTIC ARTICLES,859258905,US DOLLAR,2018
236,32,JAWA BARAT,40,RUBBER AND RUBBER ARTICLES,1361525178,US DOLLAR,2018
237,32,JAWA BARAT,41,"RAW HIDES, SKINS AND LEATHERS",43995981,US DOLLAR,2018
238,32,JAWA BARAT,42,LEATHER ARTICLES AND TRAVEL GOODS,269709999,US DOLLAR,2018
239,32,JAWA BARAT,43,FURSKINS AND ARTIFICIAL FUR,270786,US DOLLAR,2018
240,32,JAWA BARAT,44,WOOD,246960950,US DOLLAR,2018
241,32,JAWA BARAT,45,CORK,14513,US DOLLAR,2018
242,32,JAWA BARAT,46,PLAITING MATERIALS AND ARTICLES,32789261,US DOLLAR,2018
243,32,JAWA BARAT,47,WOOD PULP AND WASTE,20084499,US DOLLAR,2018
244,32,JAWA BARAT,48,PAPER,1120203185,US DOLLAR,2018
245,32,JAWA BARAT,49,PRINTED MATERIALS,8519846,US DOLLAR,2018
246,32,JAWA BARAT,50,SILK,174502,US DOLLAR,2018
247,32,JAWA BARAT,51,"WOOL, ANIMAL HAIR AND WOVEN FABRIC",653075,US DOLLAR,2018
248,32,JAWA BARAT,52,COTTON,367591984,US DOLLAR,2018
249,32,JAWA BARAT,53,OTHER VEGETABLE TEXTILE FIBRES  AND PAPER YARN,1414141,US DOLLAR,2018
250,32,JAWA BARAT,54,MAN-MADE FILAMENTS,635634256,US DOLLAR,2018
251,32,JAWA BARAT,55,MAN-MADE STAPLE FIBRES,1156019663,US DOLLAR,2018
252,32,JAWA BARAT,56,"WADDING, FELT AND NON-WOVENS, SPECIAL YARNS AND ROPES",35867608,US DOLLAR,2018
253,32,JAWA BARAT,57,CARPETS,43099862,US DOLLAR,2018
254,32,JAWA BARAT,58,SPECIAL WOVEN FABRICS AND TRIMMINGS,28513544,US DOLLAR,2018
255,32,JAWA BARAT,59,INDUSTRIAL TEXTILE FIBRES,125885712,US DOLLAR,2018
256,32,JAWA BARAT,60,KNITTED OR CROCHETED FABRICS,75969952,US DOLLAR,2018
257,32,JAWA BARAT,61,KNITTED OR CROCHETED CLOTHES,2326365496,US DOLLAR,2018
258,32,JAWA BARAT,62,CLOTHES (NOT KNITTED OR CROCHETED),1613025103,US DOLLAR,2018
259,32,JAWA BARAT,63,OTHER TEXTILE ARTICLES AND USED CLOTHING,80060464,US DOLLAR,2018
260,32,JAWA BARAT,64,FOOTWEAR,1597466269,US DOLLAR,2018
261,32,JAWA BARAT,65,HEADGEAR,32791981,US DOLLAR,2018
262,32,JAWA BARAT,66,UMBRELLAS AND WALKING-STICKS,242607,US DOLLAR,2018
263,32,JAWA BARAT,67,"FEATHERS, ARTIFICIAL FLOWERS, WIGS",60395703,US DOLLAR,2018
264,32,JAWA BARAT,68,"ARTICLES OF STONE, PLASTER, CEMENT, ASBESTOS AND MICA",51933188,US DOLLAR,2018
265,32,JAWA BARAT,69,CERAMIC PRODUCTS,168628754,US DOLLAR,2018
266,32,JAWA BARAT,70,GLASS AND GLASSWARE,164904403,US DOLLAR,2018
267,32,JAWA BARAT,71,"PEARLS, PRECIOUS STONES AND METALS, AND IMITATION JEWELLERY",366073904,US DOLLAR,2018
268,32,JAWA BARAT,72,IRON AND STEEL,116198282,US DOLLAR,2018
269,32,JAWA BARAT,73,ARTICLES OF IRON OR STEEL,300187393,US DOLLAR,2018
270,32,JAWA BARAT,74,COPPER,59049617,US DOLLAR,2018
271,32,JAWA BARAT,75,NICKEL,4846333,US DOLLAR,2018
272,32,JAWA BARAT,76,ALUMINIUM,168569202,US DOLLAR,2018
273,32,JAWA BARAT,78,LEAD,15736996,US DOLLAR,2018
274,32,JAWA BARAT,79,ZINC,15914262,US DOLLAR,2018
275,32,JAWA BARAT,80,TIN,10826,US DOLLAR,2018
276,32,JAWA BARAT,81,OTHER BASE METALS AND CERMETS,13047726,US DOLLAR,2018
277,32,JAWA BARAT,82,TOOLS AND CUTLERY,66980750,US DOLLAR,2018
278,32,JAWA BARAT,83,MISCELLANEOUS ARTICLES OF BASE METALS,61393624,US DOLLAR,2018
279,32,JAWA BARAT,84,MACHINERY,3105110168,US DOLLAR,2018
280,32,JAWA BARAT,85,ELECTRICAL EQUIPMENTS,4091298449,US DOLLAR,2018
281,32,JAWA BARAT,86,"TRAINS, PARTS AND SIGNALLING EQUIPMENT",2051934,US DOLLAR,2018
282,32,JAWA BARAT,87,VEHICLES OTHER THAN TRAINS,4565848805,US DOLLAR,2018
283,32,JAWA BARAT,88,AIRCRAFT AND SPACECRAFT,81570666,US DOLLAR,2018
284,32,JAWA BARAT,89,SHIPS AND BOATS,3063055,US DOLLAR,2018
285,32,JAWA BARAT,90,"OPTICALS, PHOTOGRAPHIC AND MEASURING EQUIPMENT, MEDICAL INS-",269312014,US DOLLAR,2018
286,32,JAWA BARAT,91,CLOCKS AND WATCHES,14592714,US DOLLAR,2018
287,32,JAWA BARAT,92,MUSICAL INSTRUMENTS,301352954,US DOLLAR,2018
288,32,JAWA BARAT,93,ARMS AND AMMUNITION,583165,US DOLLAR,2018
289,32,JAWA BARAT,94,"FURNITURE, BEDDING, LAMPS, ILLUM. SIGNS",320545308,US DOLLAR,2018
290,32,JAWA BARAT,95,"TOYS, GAMES AND SPORTS EQUIPMENT",340224312,US DOLLAR,2018
291,32,JAWA BARAT,96,MISCELLANEOUS MANUFACTURED ARTICLES,202229757,US DOLLAR,2018
292,32,JAWA BARAT,97,WORKS OF ART AND ANTIQUES,273581,US DOLLAR,2018
293,32,JAWA BARAT,98,PEBT,0,US DOLLAR,2018
294,32,JAWA BARAT,99,PARCEL AND RETURN GOODS N.C.A.K.,11893263,US DOLLAR,2018
295,32,JAWA BARAT,1,LIVE ANIMALS,1598855,US DOLLAR,2019
296,32,JAWA BARAT,2,MEAT,2084054,US DOLLAR,2019
297,32,JAWA BARAT,3,FISH,101555093,US DOLLAR,2019
298,32,JAWA BARAT,4,DAIRY PRODUCTS,54729572,US DOLLAR,2019
299,32,JAWA BARAT,5,NON-EDIBLE ANIMAL PARTS,1594160,US DOLLAR,2019
300,32,JAWA BARAT,6,VEGETABLE PRODUCTS,6960982,US DOLLAR,2019
301,32,JAWA BARAT,7,EDIBLE VEGETABLES,9925183,US DOLLAR,2019
302,32,JAWA BARAT,8,FRUIT AND NUTS,25604666,US DOLLAR,2019
303,32,JAWA BARAT,9,"COFFEE, TEA AND SPICES",90360489,US DOLLAR,2019
304,32,JAWA BARAT,10,CEREALS,643,US DOLLAR,2019
305,32,JAWA BARAT,11,FLOUR,5926510,US DOLLAR,2019
306,32,JAWA BARAT,12,SEEDS AND GRAINS,3727528,US DOLLAR,2019
307,32,JAWA BARAT,13,VEGETABLE SAPS AND EXTRACTS,10733962,US DOLLAR,2019
308,32,JAWA BARAT,14,"VEGETABLE PLAITING MATERIAL (bamboo, rattan etc)",1207195,US DOLLAR,2019
309,32,JAWA BARAT,15,"FATS, OILS AND WAXES",172012653,US DOLLAR,2019
310,32,JAWA BARAT,16,PREPARED MEAT OR FISH,125456095,US DOLLAR,2019
311,32,JAWA BARAT,17,SUGARS AND SUGAR CONFECTIONERY,60879489,US DOLLAR,2019
312,32,JAWA BARAT,18,COCOA AND COCOA PREPARATIONS,194087575,US DOLLAR,2019
313,32,JAWA BARAT,19,"FOOD PREPARED FROM CEREALS, STARCH OR MILK",481610326,US DOLLAR,2019
314,32,JAWA BARAT,20,"PRESERVED VEGETABLES, FRUITS AND NUTS",18015270,US DOLLAR,2019
315,32,JAWA BARAT,21,MISCELLANEOUS FOODS,320495546,US DOLLAR,2019
316,32,JAWA BARAT,22,"BEVERAGES, SPIRITS AND VINEGAR",40206518,US DOLLAR,2019
317,32,JAWA BARAT,23,FOOD WASTE AND ANIMAL FODDER,3142985,US DOLLAR,2019
318,32,JAWA BARAT,24,TOBACCO AND SUBSTITUTES,149436454,US DOLLAR,2019
319,32,JAWA BARAT,25,"SALT, SULPHUR, EARTHS AND STONE, PLASTER, LIME   AND CEMENT",8677857,US DOLLAR,2019
320,32,JAWA BARAT,26,"ORES, SLAG AND ASH",2250452,US DOLLAR,2019
321,32,JAWA BARAT,27,MINERAL FUELS AND OILS,229296865,US DOLLAR,2019
322,32,JAWA BARAT,28,CHEMICALS AND ALLIED PRODUCTS,45607723,US DOLLAR,2019
323,32,JAWA BARAT,29,ORGANIC CHEMICAL,105552528,US DOLLAR,2019
324,32,JAWA BARAT,30,PHARMACEUTICAL PRODUCTS,224512051,US DOLLAR,2019
325,32,JAWA BARAT,31,FERTILIZERS,12761368,US DOLLAR,2019
326,32,JAWA BARAT,32,"TANS, DYES, PIGMENTS, PAINTS, VARNISHES, INKS",96499648,US DOLLAR,2019
327,32,JAWA BARAT,33,"ESSENTIAL OILS AND RESINOIDS, PERFUMERY, COSMETICS OR TOILET",357069013,US DOLLAR,2019
328,32,JAWA BARAT,34,"SOAP, WASHING PREPARATIONS, LUBRICATING PREPARATIONS, WAXES",176332737,US DOLLAR,2019
329,32,JAWA BARAT,35,"ALBUMINOIDAL SUBSTANCES, MODIFIED STARCHES, GLUES, ENZYMES",8872868,US DOLLAR,2019
330,32,JAWA BARAT,36,EXPLOSIVES,534944,US DOLLAR,2019
331,32,JAWA BARAT,37,PHOTOGRAPHIC OR CINEMATOGRAPHIC GOODS,47273,US DOLLAR,2019
332,32,JAWA BARAT,38,MISCELLANEOUS CHEMICAL PRODUCTS,303230298,US DOLLAR,2019
333,32,JAWA BARAT,39,PLASTIC & PLASTIC ARTICLES,775247653,US DOLLAR,2019
334,32,JAWA BARAT,40,RUBBER AND RUBBER ARTICLES,1351153405,US DOLLAR,2019
335,32,JAWA BARAT,41,"RAW HIDES, SKINS AND LEATHERS",46939243,US DOLLAR,2019
336,32,JAWA BARAT,42,LEATHER ARTICLES AND TRAVEL GOODS,293456643,US DOLLAR,2019
337,32,JAWA BARAT,43,FURSKINS AND ARTIFICIAL FUR,149449,US DOLLAR,2019
338,32,JAWA BARAT,44,WOOD,245181892,US DOLLAR,2019
339,32,JAWA BARAT,45,CORK,458,US DOLLAR,2019
340,32,JAWA BARAT,46,PLAITING MATERIALS AND ARTICLES,34012395,US DOLLAR,2019
341,32,JAWA BARAT,47,WOOD PULP AND WASTE,2960043,US DOLLAR,2019
342,32,JAWA BARAT,48,PAPER,949151952,US DOLLAR,2019
343,32,JAWA BARAT,49,PRINTED MATERIALS,11547059,US DOLLAR,2019
344,32,JAWA BARAT,50,SILK,396421,US DOLLAR,2019
345,32,JAWA BARAT,51,"WOOL, ANIMAL HAIR AND WOVEN FABRIC",998887,US DOLLAR,2019
346,32,JAWA BARAT,52,COTTON,383465151,US DOLLAR,2019
347,32,JAWA BARAT,53,OTHER VEGETABLE TEXTILE FIBRES  AND PAPER YARN,1306123,US DOLLAR,2019
348,32,JAWA BARAT,54,MAN-MADE FILAMENTS,601032751,US DOLLAR,2019
349,32,JAWA BARAT,55,MAN-MADE STAPLE FIBRES,1220004884,US DOLLAR,2019
350,32,JAWA BARAT,56,"WADDING, FELT AND NON-WOVENS, SPECIAL YARNS AND ROPES",34773082,US DOLLAR,2019
351,32,JAWA BARAT,57,CARPETS,34065194,US DOLLAR,2019
352,32,JAWA BARAT,58,SPECIAL WOVEN FABRICS AND TRIMMINGS,27773025,US DOLLAR,2019
353,32,JAWA BARAT,59,INDUSTRIAL TEXTILE FIBRES,108491007,US DOLLAR,2019
354,32,JAWA BARAT,60,KNITTED OR CROCHETED FABRICS,79956771,US DOLLAR,2019
355,32,JAWA BARAT,61,KNITTED OR CROCHETED CLOTHES,2123801992,US DOLLAR,2019
356,32,JAWA BARAT,62,CLOTHES (NOT KNITTED OR CROCHETED),1535176452,US DOLLAR,2019
357,32,JAWA BARAT,63,OTHER TEXTILE ARTICLES AND USED CLOTHING,77312323,US DOLLAR,2019
358,32,JAWA BARAT,64,FOOTWEAR,1285719029,US DOLLAR,2019
359,32,JAWA BARAT,65,HEADGEAR,36162982,US DOLLAR,2019
360,32,JAWA BARAT,66,UMBRELLAS AND WALKING-STICKS,235550,US DOLLAR,2019
361,32,JAWA BARAT,67,"FEATHERS, ARTIFICIAL FLOWERS, WIGS",62938844,US DOLLAR,2019
362,32,JAWA BARAT,68,"ARTICLES OF STONE, PLASTER, CEMENT, ASBESTOS AND MICA",55482852,US DOLLAR,2019
363,32,JAWA BARAT,69,CERAMIC PRODUCTS,127110932,US DOLLAR,2019
364,32,JAWA BARAT,70,GLASS AND GLASSWARE,163275993,US DOLLAR,2019
365,32,JAWA BARAT,71,"PEARLS, PRECIOUS STONES AND METALS, AND IMITATION JEWELLERY",725272779,US DOLLAR,2019
366,32,JAWA BARAT,72,IRON AND STEEL,93216106,US DOLLAR,2019
367,32,JAWA BARAT,73,ARTICLES OF IRON OR STEEL,287999011,US DOLLAR,2019
368,32,JAWA BARAT,74,COPPER,91865950,US DOLLAR,2019
369,32,JAWA BARAT,75,NICKEL,6788325,US DOLLAR,2019
370,32,JAWA BARAT,76,ALUMINIUM,143695425,US DOLLAR,2019
371,32,JAWA BARAT,78,LEAD,8516259,US DOLLAR,2019
372,32,JAWA BARAT,79,ZINC,11647233,US DOLLAR,2019
373,32,JAWA BARAT,80,TIN,1059304,US DOLLAR,2019
374,32,JAWA BARAT,81,OTHER BASE METALS AND CERMETS,9444383,US DOLLAR,2019
375,32,JAWA BARAT,82,TOOLS AND CUTLERY,63910872,US DOLLAR,2019
376,32,JAWA BARAT,83,MISCELLANEOUS ARTICLES OF BASE METALS,52638066,US DOLLAR,2019
377,32,JAWA BARAT,84,MACHINERY,2872397632,US DOLLAR,2019
378,32,JAWA BARAT,85,ELECTRICAL EQUIPMENTS,3935456341,US DOLLAR,2019
379,32,JAWA BARAT,86,"TRAINS, PARTS AND SIGNALLING EQUIPMENT",2230663,US DOLLAR,2019
380,32,JAWA BARAT,87,VEHICLES OTHER THAN TRAINS,4643359777,US DOLLAR,2019
381,32,JAWA BARAT,88,AIRCRAFT AND SPACECRAFT,104570323,US DOLLAR,2019
382,32,JAWA BARAT,89,SHIPS AND BOATS,2370898,US DOLLAR,2019
383,32,JAWA BARAT,90,"OPTICALS, PHOTOGRAPHIC AND MEASURING EQUIPMENT, MEDICAL INS-",325366379,US DOLLAR,2019
384,32,JAWA BARAT,91,CLOCKS AND WATCHES,13306500,US DOLLAR,2019
385,32,JAWA BARAT,92,MUSICAL INSTRUMENTS,320568632,US DOLLAR,2019
386,32,JAWA BARAT,93,ARMS AND AMMUNITION,140736,US DOLLAR,2019
387,32,JAWA BARAT,94,"FURNITURE, BEDDING, LAMPS, ILLUM. SIGNS",486441073,US DOLLAR,2019
388,32,JAWA BARAT,95,"TOYS, GAMES AND SPORTS EQUIPMENT",346716382,US DOLLAR,2019
389,32,JAWA BARAT,96,MISCELLANEOUS MANUFACTURED ARTICLES,243614047,US DOLLAR,2019
390,32,JAWA BARAT,97,WORKS OF ART AND ANTIQUES,242237,US DOLLAR,2019
391,32,JAWA BARAT,98,PEBT,0,US DOLLAR,2019
392,32,JAWA BARAT,99,PARCEL AND RETURN GOODS N.C.A.K.,12703704,US DOLLAR,2019
393,32,JAWA BARAT,1,LIVE ANIMALS,2054691,US DOLLAR,2020
394,32,JAWA BARAT,2,MEAT,2225615,US DOLLAR,2020
395,32,JAWA BARAT,3,FISH,146675039,US DOLLAR,2020
396,32,JAWA BARAT,4,DAIRY PRODUCTS,94168703,US DOLLAR,2020
397,32,JAWA BARAT,5,NON-EDIBLE ANIMAL PARTS,1979596,US DOLLAR,2020
398,32,JAWA BARAT,6,VEGETABLE PRODUCTS,7526061,US DOLLAR,2020
399,32,JAWA BARAT,7,EDIBLE VEGETABLES,11527256,US DOLLAR,2020
400,32,JAWA BARAT,8,FRUIT AND NUTS,40899248,US DOLLAR,2020
401,32,JAWA BARAT,9,"COFFEE, TEA AND SPICES",105972802,US DOLLAR,2020
402,32,JAWA BARAT,10,CEREALS,83758,US DOLLAR,2020
403,32,JAWA BARAT,11,FLOUR,4782228,US DOLLAR,2020
404,32,JAWA BARAT,12,SEEDS AND GRAINS,3585331,US DOLLAR,2020
405,32,JAWA BARAT,13,VEGETABLE SAPS AND EXTRACTS,8242132,US DOLLAR,2020
406,32,JAWA BARAT,14,"VEGETABLE PLAITING MATERIAL (bamboo, rattan etc)",1025977,US DOLLAR,2020
407,32,JAWA BARAT,15,"FATS, OILS AND WAXES",208053089,US DOLLAR,2020
408,32,JAWA BARAT,16,PREPARED MEAT OR FISH,65498105,US DOLLAR,2020
409,32,JAWA BARAT,17,SUGARS AND SUGAR CONFECTIONERY,57896370,US DOLLAR,2020
410,32,JAWA BARAT,18,COCOA AND COCOA PREPARATIONS,204530605,US DOLLAR,2020
411,32,JAWA BARAT,19,"FOOD PREPARED FROM CEREALS, STARCH OR MILK",536093881,US DOLLAR,2020
412,32,JAWA BARAT,20,"PRESERVED VEGETABLES, FRUITS AND NUTS",13668629,US DOLLAR,2020
413,32,JAWA BARAT,21,MISCELLANEOUS FOODS,255756223,US DOLLAR,2020
414,32,JAWA BARAT,22,"BEVERAGES, SPIRITS AND VINEGAR",26982192,US DOLLAR,2020
415,32,JAWA BARAT,23,FOOD WASTE AND ANIMAL FODDER,13010140,US DOLLAR,2020
416,32,JAWA BARAT,24,TOBACCO AND SUBSTITUTES,119130374,US DOLLAR,2020
417,32,JAWA BARAT,25,"SALT, SULPHUR, EARTHS AND STONE, PLASTER, LIME   AND CEMENT",7045971,US DOLLAR,2020
418,32,JAWA BARAT,26,"ORES, SLAG AND ASH",256904,US DOLLAR,2020
419,32,JAWA BARAT,27,MINERAL FUELS AND OILS,203120100,US DOLLAR,2020
420,32,JAWA BARAT,28,CHEMICALS AND ALLIED PRODUCTS,38043909,US DOLLAR,2020
421,32,JAWA BARAT,29,ORGANIC CHEMICAL,103855951,US DOLLAR,2020
422,32,JAWA BARAT,30,PHARMACEUTICAL PRODUCTS,190412918,US DOLLAR,2020
423,32,JAWA BARAT,31,FERTILIZERS,8554576,US DOLLAR,2020
424,32,JAWA BARAT,32,"TANS, DYES, PIGMENTS, PAINTS, VARNISHES, INKS",75368888,US DOLLAR,2020
425,32,JAWA BARAT,33,"ESSENTIAL OILS AND RESINOIDS, PERFUMERY, COSMETICS OR TOILET",383134480,US DOLLAR,2020
426,32,JAWA BARAT,34,"SOAP, WASHING PREPARATIONS, LUBRICATING PREPARATIONS, WAXES",236295843,US DOLLAR,2020
427,32,JAWA BARAT,35,"ALBUMINOIDAL SUBSTANCES, MODIFIED STARCHES, GLUES, ENZYMES",6854425,US DOLLAR,2020
428,32,JAWA BARAT,36,EXPLOSIVES,505680,US DOLLAR,2020
429,32,JAWA BARAT,37,PHOTOGRAPHIC OR CINEMATOGRAPHIC GOODS,9703,US DOLLAR,2020
430,32,JAWA BARAT,38,MISCELLANEOUS CHEMICAL PRODUCTS,346572909,US DOLLAR,2020
431,32,JAWA BARAT,39,PLASTIC & PLASTIC ARTICLES,710231798,US DOLLAR,2020
432,32,JAWA BARAT,40,RUBBER AND RUBBER ARTICLES,1245145554,US DOLLAR,2020
433,32,JAWA BARAT,41,"RAW HIDES, SKINS AND LEATHERS",38091160,US DOLLAR,2020
434,32,JAWA BARAT,42,LEATHER ARTICLES AND TRAVEL GOODS,233244593,US DOLLAR,2020
435,32,JAWA BARAT,43,FURSKINS AND ARTIFICIAL FUR,127155,US DOLLAR,2020
436,32,JAWA BARAT,44,WOOD,231512704,US DOLLAR,2020
437,32,JAWA BARAT,45,CORK,0,US DOLLAR,2020
438,32,JAWA BARAT,46,PLAITING MATERIALS AND ARTICLES,41673177,US DOLLAR,2020
439,32,JAWA BARAT,47,WOOD PULP AND WASTE,3205305,US DOLLAR,2020
440,32,JAWA BARAT,48,PAPER,949653422,US DOLLAR,2020
441,32,JAWA BARAT,49,PRINTED MATERIALS,8172788,US DOLLAR,2020
442,32,JAWA BARAT,50,SILK,190599,US DOLLAR,2020
443,32,JAWA BARAT,51,"WOOL, ANIMAL HAIR AND WOVEN FABRIC",764895,US DOLLAR,2020
444,32,JAWA BARAT,52,COTTON,330022070,US DOLLAR,2020
445,32,JAWA BARAT,53,OTHER VEGETABLE TEXTILE FIBRES  AND PAPER YARN,1298194,US DOLLAR,2020
446,32,JAWA BARAT,54,MAN-MADE FILAMENTS,372013488,US DOLLAR,2020
447,32,JAWA BARAT,55,MAN-MADE STAPLE FIBRES,861249387,US DOLLAR,2020
448,32,JAWA BARAT,56,"WADDING, FELT AND NON-WOVENS, SPECIAL YARNS AND ROPES",35864782,US DOLLAR,2020
449,32,JAWA BARAT,57,CARPETS,27376991,US DOLLAR,2020
450,32,JAWA BARAT,58,SPECIAL WOVEN FABRICS AND TRIMMINGS,20400741,US DOLLAR,2020
451,32,JAWA BARAT,59,INDUSTRIAL TEXTILE FIBRES,73614812,US DOLLAR,2020
452,32,JAWA BARAT,60,KNITTED OR CROCHETED FABRICS,79468788,US DOLLAR,2020
453,32,JAWA BARAT,61,KNITTED OR CROCHETED CLOTHES,1885933192,US DOLLAR,2020
454,32,JAWA BARAT,62,CLOTHES (NOT KNITTED OR CROCHETED),1154927400,US DOLLAR,2020
455,32,JAWA BARAT,63,OTHER TEXTILE ARTICLES AND USED CLOTHING,152717395,US DOLLAR,2020
456,32,JAWA BARAT,64,FOOTWEAR,1619373739,US DOLLAR,2020
457,32,JAWA BARAT,65,HEADGEAR,42181696,US DOLLAR,2020
458,32,JAWA BARAT,66,UMBRELLAS AND WALKING-STICKS,213996,US DOLLAR,2020
459,32,JAWA BARAT,67,"FEATHERS, ARTIFICIAL FLOWERS, WIGS",52976518,US DOLLAR,2020
460,32,JAWA BARAT,68,"ARTICLES OF STONE, PLASTER, CEMENT, ASBESTOS AND MICA",48838140,US DOLLAR,2020
461,32,JAWA BARAT,69,CERAMIC PRODUCTS,105912253,US DOLLAR,2020
462,32,JAWA BARAT,70,GLASS AND GLASSWARE,177490754,US DOLLAR,2020
463,32,JAWA BARAT,71,"PEARLS, PRECIOUS STONES AND METALS, AND IMITATION JEWELLERY",190674949,US DOLLAR,2020
464,32,JAWA BARAT,72,IRON AND STEEL,107999432,US DOLLAR,2020
465,32,JAWA BARAT,73,ARTICLES OF IRON OR STEEL,248571354,US DOLLAR,2020
466,32,JAWA BARAT,74,COPPER,92701132,US DOLLAR,2020
467,32,JAWA BARAT,75,NICKEL,6506786,US DOLLAR,2020
468,32,JAWA BARAT,76,ALUMINIUM,198242841,US DOLLAR,2020
469,32,JAWA BARAT,78,LEAD,573749,US DOLLAR,2020
470,32,JAWA BARAT,79,ZINC,13428003,US DOLLAR,2020
471,32,JAWA BARAT,80,TIN,0,US DOLLAR,2020
472,32,JAWA BARAT,81,OTHER BASE METALS AND CERMETS,6560693,US DOLLAR,2020
473,32,JAWA BARAT,82,TOOLS AND CUTLERY,60928306,US DOLLAR,2020
474,32,JAWA BARAT,83,MISCELLANEOUS ARTICLES OF BASE METALS,48813761,US DOLLAR,2020
475,32,JAWA BARAT,84,MACHINERY,2720064157,US DOLLAR,2020
476,32,JAWA BARAT,85,ELECTRICAL EQUIPMENTS,3745586329,US DOLLAR,2020
477,32,JAWA BARAT,86,"TRAINS, PARTS AND SIGNALLING EQUIPMENT",448081,US DOLLAR,2020
478,32,JAWA BARAT,87,VEHICLES OTHER THAN TRAINS,3363391160,US DOLLAR,2020
479,32,JAWA BARAT,88,AIRCRAFT AND SPACECRAFT,31606269,US DOLLAR,2020
480,32,JAWA BARAT,89,SHIPS AND BOATS,4843093,US DOLLAR,2020
481,32,JAWA BARAT,90,"OPTICALS, PHOTOGRAPHIC AND MEASURING EQUIPMENT, MEDICAL INS-",311502613,US DOLLAR,2020
482,32,JAWA BARAT,91,CLOCKS AND WATCHES,12295464,US DOLLAR,2020
483,32,JAWA BARAT,92,MUSICAL INSTRUMENTS,277260394,US DOLLAR,2020
484,32,JAWA BARAT,93,ARMS AND AMMUNITION,40309,US DOLLAR,2020
485,32,JAWA BARAT,94,"FURNITURE, BEDDING, LAMPS, ILLUM. SIGNS",569891318,US DOLLAR,2020
486,32,JAWA BARAT,95,"TOYS, GAMES AND SPORTS EQUIPMENT",326742485,US DOLLAR,2020
487,32,JAWA BARAT,96,MISCELLANEOUS MANUFACTURED ARTICLES,216098758,US DOLLAR,2020
488,32,JAWA BARAT,97,WORKS OF ART AND ANTIQUES,117576,US DOLLAR,2020
489,32,JAWA BARAT,98,PEBT,0,US DOLLAR,2020
490,32,JAWA BARAT,99,PARCEL AND RETURN GOODS N.C.A.K.,10105991,US DOLLAR,2020
